model,samples,exact_match,wer_vs_reference,cer_vs_reference,wer_vs_original,cer_vs_original,changed_input_rate,avg_latency_seconds,task
llama3.1:8b,100,0.15,10.291666666666666,4.583602324080052,11.36173767752715,4.716676358467403,0.99,0.8251459020120092,gec
gemma2:9b,100,0.17,11.416666666666666,5.183989670755326,13.032581453634085,5.543710021321962,0.99,1.0847249227366411,gec
qwen2.5:3b,100,0.04,11.791666666666666,6.0490639122014205,9.523809523809524,5.4274084124830395,0.81,1.1677179791522212,gec
qwen2.5:7b-instruct,100,0.09,12.708333333333334,6.4686894770819885,12.030075187969924,6.112295664534471,0.95,1.7771374173113146,gec
gemma2:2b,100,0.17,17.583333333333332,13.834732085216269,17.0843776106934,13.67836143955547,0.86,0.646435246123001,gec
aya-expanse:8b,100,0.08,22.458333333333332,13.008392511297611,24.519632414369255,13.465141823350779,1.0,0.7754469290794804,gec
mistral:7b,100,0.0,65.25,56.991607488702385,63.700918964076855,56.548426697680426,1.0,1.8785491987457499,gec
