task,model,samples,accuracy,macro_f1,avg_latency_seconds
intent_classification,gemma2:9b,100,0.85,0.8470143871701158,0.30095986125292257
intent_classification,qwen2.5:7b-instruct,100,0.78,0.5831717781662165,0.2206209574895911
intent_classification,llama3.1:8b,100,0.72,0.7009348586383469,0.24650020911823958
intent_classification,aya-expanse:8b,100,0.71,0.6354981991685286,0.3016359930904582
intent_classification,mistral:7b,100,0.65,0.24584818775995246,0.17664742222055793
intent_classification,gemma2:2b,100,0.57,0.5640274702774704,0.23727130020968615
intent_classification,qwen2.5:3b,100,0.47,0.28171356210177984,0.19571204971289263
