task,model,samples,tokens,accuracy,macro_f1,avg_latency_seconds
ner,gemma2:9b,100,2982,0.7967806841046278,0.10890967573807434,1.6468053492973558
ner,llama3.1:8b,100,2982,0.8158953722334004,0.09917583977989083,1.0887574626272545
ner,qwen2.5:3b,100,2982,0.7773306505700872,0.09402419869111849,0.8082579568121582
ner,qwen2.5:7b-instruct,100,2982,0.6938296445338699,0.09061791432060645,1.4488416178151966
ner,aya-expanse:8b,100,2982,0.7424547283702213,0.07289882101592828,1.3180211485852487
ner,gemma2:2b,100,2982,0.9004024144869215,0.06616393463836615,1.1891186327696779
ner,mistral:7b,100,2982,0.53420523138833,0.06238346681305946,1.536772967928555
