rank,model,tasks_completed,avg_normalized_quality,median_normalized_quality,avg_latency_seconds
1,gemma2:9b,7,90.40536049191681,97.70114942528735,1.639160134722843
2,qwen2.5:7b-instruct,7,72.28404053200097,60.68503787414043,1.405959658235481
3,llama3.1:8b,7,71.27345376755719,78.73563218390805,1.1028492903394853
4,aya-expanse:8b,7,68.63410366757645,64.81568853852443,1.3664832104199434
5,gemma2:2b,7,67.45560859946372,79.88505747126436,0.8265944946523283
6,qwen2.5:3b,7,61.01706453693511,68.00625412883642,0.8830506543526501
7,mistral:7b,7,7.142857142857143,0.0,1.4729137131522971
