model,samples,exact_match,wer_vs_reference,cer_vs_reference,wer_vs_original,cer_vs_original,changed_input_rate,avg_latency_seconds,task,gleu_vs_reference
llama3.1:8b-instruct,175,0.12,10.489014883061659,4.470443794460694,11.52662721893491,4.620831677444994,0.9885714285714285,0.8158391924721322,gec,
gemma2:9b,175,0.13714285714285715,11.670210252775808,5.207092044921099,13.159763313609467,5.531269193251202,0.9771428571428571,1.0932425246454243,gec,
qwen2.5:7b-instruct,175,0.06857142857142857,13.32388377037562,6.326508503954067,12.662721893491124,6.05151920228332,0.9485714285714286,1.6343749211582221,gec,
aya-expanse:8b,175,0.05714285714285714,21.025277580911883,11.75387281984617,23.171597633136095,12.218649517684888,0.9942857142857143,0.7724583673716656,gec,
falcon3:7b-instruct,175,0.005714285714285714,27.049373966454052,18.026216011266385,24.71005917159763,17.3994725242964,0.9142857142857143,1.818652157320508,gec,
