task,model,samples,tokens,accuracy,macro_f1,avg_latency_seconds,entity_f1
ner,gemma2:9b,500,15187,0.7955488246526634,0.12182575486577862,1.6683218903029338,
ner,qwen2.5:7b-instruct,500,15187,0.6894712583130309,0.09457715577696539,1.5111631849026308,
ner,llama3.1:8b-instruct,500,15187,0.8120102719431093,0.09441008196698186,1.057304935359396,
ner,falcon3:7b-instruct,500,15187,0.8040429314545334,0.092625774340406,1.6083012595302426,
ner,aya-expanse:8b,500,15187,0.7347073154671758,0.08018601719499474,1.3063869192004203,
