task,model,samples,tokens,accuracy,macro_f1,avg_latency_seconds
pos,gemma2:9b,456,10672,0.6032608695652174,0.48619422770488724,1.358409524503115
pos,falcon3:7b-instruct,456,10672,0.4376874062968516,0.3321202120515754,1.3284011402151041
pos,llama3.1:8b-instruct,456,10672,0.3902736131934033,0.30930922023860635,1.1744642259947253
pos,qwen2.5:7b-instruct,456,10672,0.35429160419790107,0.30170910285105296,1.079766247880016
pos,aya-expanse:8b,456,10672,0.22938530734632684,0.17989836455608335,0.9827449697947024
