task_segment,primary_metric,winner,winner_value,winner_quality_score,runner_up,runner_up_value,runner_up_quality_score,quality_margin,margin,fastest_model,fastest_latency_seconds,samples,note
GEC,exact_match,gemma2:9b,0.1371428571428571,100.0,llama3.1:8b-instruct,0.12,86.95652173913047,13.043478260869534,0.0171428571428571,aya-expanse:8b,0.7724583673716656,175,
Intent Classification,macro_f1,gemma2:9b,0.737224340442371,100.0,llama3.1:8b-instruct,0.7073575751971163,88.01706262267375,11.982937377326252,0.029866765245254667,falcon3:7b-instruct,0.1894827549246464,436,
Legal Classification,macro_f1,aya-expanse:8b,0.0114855517598967,100.0,llama3.1:8b-instruct,0.0104036137493259,90.42832167815935,9.57167832184065,0.0010819380105707987,falcon3:7b-instruct,0.6963063790621236,500,
Machine Translation (ENG),wer_vs_reference,aya-expanse:8b,55.64170581983748,100.0,gemma2:9b,60.73618167628545,82.64981728555946,17.350182714440535,5.094475856447964,falcon3:7b-instruct,0.4203119222641301,300,
Machine Translation (FAS),wer_vs_reference,qwen2.5:7b-instruct,86.34453781512606,100.0,falcon3:7b-instruct,98.52941176470588,98.0578948249594,1.942105175040595,12.184873949579824,falcon3:7b-instruct,0.2898093014373444,4,
Machine Translation (JPN),wer_vs_reference,aya-expanse:8b,100.0,100.0,falcon3:7b-instruct,100.0,100.0,0.0,0.0,gemma2:9b,0.4556999018467549,9,Winner was within 10% of the fastest model.
NER,macro_f1,gemma2:9b,0.1218257548657786,100.0,qwen2.5:7b-instruct,0.0945771557769653,34.56106927414193,65.43893072585807,0.027248599088813302,llama3.1:8b-instruct,1.057304935359396,500,
POS,macro_f1,gemma2:9b,0.4861942277048872,100.0,falcon3:7b-instruct,0.3321202120515754,49.697650477747416,50.302349522252584,0.1540740156533118,aya-expanse:8b,0.9827449697947024,456,
Summarization,wer_vs_reference,llama3.1:8b-instruct,173.58493914464242,100.0,aya-expanse:8b,208.78390963428225,77.07320111457383,22.926798885426166,35.198970489639834,falcon3:7b-instruct,3.962281976603748,300,Winner was within 10% of the fastest model.
