rank,model,tasks_completed,avg_normalized_quality,median_normalized_quality,avg_latency_seconds
1,gemma2:9b,9,80.19860255612168,98.0578948249594,1.4307465393056347
2,aya-expanse:8b,9,60.495855686036585,77.07320111457383,1.0595968594814231
3,llama3.1:8b-instruct,9,49.94335167880255,42.25027865285041,1.118249027970525
4,qwen2.5:7b-instruct,9,48.11277823276289,47.82608695652171,1.267869028732003
5,falcon3:7b-instruct,9,44.545359152602714,49.697650477747416,1.2063672498055371
