rank,model,tasks_completed,avg_normalized_quality,median_normalized_quality,avg_latency_seconds
1,gemma2:9b,9,84.40833260038005,100.0,1.5020423176098632
2,llama3.1:8b-instruct,9,53.78589942209565,42.25027865285041,1.1593070321661354
3,qwen2.5:7b-instruct,9,45.56855376068667,39.76897926165977,1.3952391641373727
4,aya-expanse:8b,9,39.94781926810662,30.201170452187366,1.1427261077185755
5,falcon3:7b-instruct,9,23.369589094201455,5.617809064903041,1.3374783202303073
