rank,model,tasks_completed,avg_normalized_quality,median_normalized_quality,avg_latency_seconds
1,gemma2:9b,9,80.78836030053748,100.0,1.5020423176098632
2,llama3.1:8b-instruct,9,62.50295201599644,75.97767907401493,1.1593070321661354
3,qwen2.5:7b-instruct,9,47.293513291409624,46.71129373960917,1.3952391641373727
4,aya-expanse:8b,9,46.69659574506854,30.201170452187366,1.1427261077185755
5,falcon3:7b-instruct,9,10.194022282213401,0.0,1.3374783202303073
