task,model,samples,accuracy,macro_f1,avg_latency_seconds
intent_classification,gemma2:9b,100,0.85,0.8470143871701158,0.3028214442613535
intent_classification,qwen2.5:7b-instruct,100,0.78,0.5831717781662165,0.21633496480295433
intent_classification,llama3.1:8b-instruct,100,0.72,0.7009348586383469,0.24517339031212032
intent_classification,aya-expanse:8b,100,0.71,0.6354981991685286,0.3052437509316951
intent_classification,falcon3:7b-instruct,100,0.58,0.5776400286204207,0.20423696717945858
