rank,model,tasks_completed,avg_normalized_quality,median_normalized_quality,avg_latency_seconds
1,gemma2:9b,9,74.46595741280301,100.0,1.4799901926184191
2,llama3.1:8b-instruct,9,59.72973717391921,81.79487689549254,1.1477481840200965
3,qwen2.5:7b-instruct,9,44.95528852380711,39.76897926165977,1.367522815600129
4,aya-expanse:8b,9,43.865016509716234,30.201170452187366,1.119904884920401
5,falcon3:7b-instruct,9,30.416256407766827,29.874725061343348,1.3059528517791295
