rank,model,tasks_completed,avg_normalized_quality,median_normalized_quality,avg_latency_seconds
1,gemma2:9b,9,82.06582368806042,99.63785410643318,1.4799901926184191
2,aya-expanse:8b,9,60.711645149929986,77.07320111457383,1.119904884920401
3,llama3.1:8b-instruct,9,56.284984866711966,63.433701145516636,1.1477481840200965
4,falcon3:7b-instruct,9,43.23873546521299,49.697650477747416,1.3059528517791295
5,qwen2.5:7b-instruct,9,37.22724191350253,39.76897926165977,1.367522815600129
