task_segment,primary_metric,winner,winner_value,winner_quality_score,runner_up,runner_up_value,runner_up_quality_score,quality_margin,margin,fastest_model,fastest_latency_seconds,samples,note
GEC,exact_match,gemma2:9b,0.1371428571428571,100.0,llama3.1:8b-instruct,0.12,86.95652173913047,13.043478260869534,0.0171428571428571,aya-expanse:8b,0.772416416948129,175,
Intent Classification,macro_f1,gemma2:9b,0.737224340442371,100.0,llama3.1:8b-instruct,0.7073575751971163,88.01706262267375,11.982937377326252,0.029866765245254667,falcon3:7b-instruct,0.187616963437737,436,
Legal Classification,macro_f1,aya-expanse:8b,0.0114855517598967,100.0,llama3.1:8b-instruct,0.0104036137493259,90.42832167815935,9.57167832184065,0.0010819380105707987,falcon3:7b-instruct,0.7299257103567943,500,
Machine Translation (ENG),chrf,gemma2:9b,61.78070207283761,100.0,aya-expanse:8b,61.59052523658983,98.49646062304733,1.5035393769526735,0.1901768362477796,falcon3:7b-instruct,0.4309444729066454,500,
Machine Translation (FAS),chrf,qwen2.5:7b-instruct,18.324605450203205,100.0,aya-expanse:8b,3.407892593377442,8.299161823217592,91.70083817678241,14.916712856825763,falcon3:7b-instruct,0.4156837107036262,500,
Machine Translation (JPN),chrf,gemma2:9b,16.72590200409437,100.00000000000001,aya-expanse:8b,16.53276015149375,97.5336399207008,2.4663600792992213,0.19314185260061834,qwen2.5:7b-instruct,0.5577188096814789,500,
NER,macro_f1,gemma2:9b,0.1218257548657786,100.0,qwen2.5:7b-instruct,0.0945771557769653,34.56106927414193,65.43893072585807,0.027248599088813302,llama3.1:8b-instruct,1.0968341422863304,500,
POS,macro_f1,gemma2:9b,0.4861942277048872,100.0,falcon3:7b-instruct,0.3321202120515754,49.697650477747416,50.302349522252584,0.1540740156533118,aya-expanse:8b,0.9934320670088932,456,
Summarization,bertscore_f1,aya-expanse:8b,0.5190345644950867,100.0,llama3.1:8b-instruct,0.5173295736312866,98.91422490632556,1.0857750936744424,0.0017049908638000488,falcon3:7b-instruct,4.135275213980737,300,Winner was within 10% of the fastest model.
