rank,model,tasks_completed,avg_normalized_quality,median_normalized_quality,avg_latency_seconds
1,gemma2:9b,9,71.580228878937,100.0,1.4799901926184191
2,llama3.1:8b-instruct,9,66.99751440550116,86.27370816365499,1.1477481840200965
3,aya-expanse:8b,9,52.62898528908464,39.13043478260868,1.119904884920401
4,qwen2.5:7b-instruct,9,43.69500384054926,46.71129373960917,1.367522815600129
5,falcon3:7b-instruct,9,17.240689595778775,5.617809064903041,1.3059528517791295
