task,model,samples,tokens,accuracy,macro_f1,avg_latency_seconds
pos,gemma2:9b,100,2260,0.5898230088495575,0.469192161939368,1.2990952792088502
pos,falcon3:7b-instruct,100,2260,0.48053097345132745,0.3530651796261314,1.2560761601198465
pos,qwen2.5:7b-instruct,100,2260,0.3805309734513274,0.324452592213671,1.043718259788584
pos,llama3.1:8b-instruct,100,2260,0.3765486725663717,0.2885778403909901,1.1340489560342393
pos,aya-expanse:8b,100,2260,0.2327433628318584,0.17775215273167805,0.9806363653950393
