rank,model,tasks_completed,avg_normalized_quality,median_normalized_quality,avg_latency_seconds
1,gemma2:9b,9,75.42887721721505,97.05882352941177,1.3898226083664367
2,aya-expanse:8b,9,55.6609549642236,66.54217655478342,1.0542497827013517
3,qwen2.5:7b-instruct,9,50.634705268772585,50.33641052949916,1.3050701379271763
4,falcon3:7b-instruct,9,48.00375891944443,57.656205036445314,1.2464843745428025
5,llama3.1:8b-instruct,9,43.421286022809234,45.77081155078847,1.037541960420881
